Event Time, Symbol, Aggregate Trade ID, Price, Quantity, First Trade ID, Trade Time, Is Buyer Maker
15:03:52, BTCUSDT, 3429073606, 95396.76, 0.92359, 4547417936, 1739307832285, False
15:03:52, SOLUSDT, 498994380, 196.83, 133.959, 1066110604, 1739307832614, True
15:03:53, BTCUSDT, 3429073612, 95397.11, 0.33334, 4547417997, 1739307833179, False
15:03:57, BTCUSDT, 3429073622, 95397.11, 0.48902, 4547418022, 1739307837919, False
15:04:32, SOLUSDT, 498994519, 196.9, 93.659, 1066111338, 1739307872624, True
15:04:41, BTCUSDT, 3429073884, 95428.48, 0.31983, 4547418731, 1739307881361, False
15:04:55, BTCUSDT, 3429073943, 95429.43, 0.82044, 4547418910, 1739307895271, False
15:04:55, BTCUSDT, 3429073987, 95437.31, 0.16313, 4547419097, 1739307895582, False
15:04:58, BTCUSDT, 3429074009, 95440.77, 1.07771, 4547419168, 1739307898890, False
15:05:05, BTCUSDT, 3429074106, 95428.49, 1.56066, 4547419495, 1739307905811, False
15:05:08, BTCUSDT, 3429074140, 95428.48, 0.16, 4547419536, 1739307908341, True
15:05:08, BTCUSDT, 3429074144, 95428.48, 0.32, 4547419540, 1739307908341, True
15:05:08, BTCUSDT, 3429074151, 95428.48, 0.19195, 4547419547, 1739307908343, True
15:05:08, BTCUSDT, 3429074152, 95428.48, 0.48355, 4547419548, 1739307908343, True
15:05:08, BTCUSDT, 3429074171, 95428.0, 0.4923, 4547419592, 1739307908345, True
15:05:08, BTCUSDT, 3429074174, 95428.0, 0.15768, 4547419595, 1739307908345, True
15:05:08, BTCUSDT, 3429074180, 95428.0, 0.4782, 4547419601, 1739307908346, True
15:05:08, BTCUSDT, 3429074197, 95428.0, 0.572, 4547419618, 1739307908836, True
15:05:10, BTCUSDT, 3429074219, 95428.0, 0.704, 4547419640, 1739307910126, True
15:05:10, BTCUSDT, 3429074222, 95428.0, 0.48993, 4547419643, 1739307910128, True
15:05:10, BTCUSDT, 3429074223, 95428.0, 0.498, 4547419644, 1739307910128, True
15:05:10, BTCUSDT, 3429074225, 95428.0, 1.231, 4547419646, 1739307910128, True
15:05:10, BTCUSDT, 3429074229, 95428.0, 0.675, 4547419650, 1739307910128, True
15:05:10, BTCUSDT, 3429074233, 95428.0, 0.32, 4547419654, 1739307910129, True
15:05:10, BTCUSDT, 3429074242, 95428.0, 1.28, 4547419663, 1739307910129, True
15:05:10, BTCUSDT, 3429074244, 95428.0, 0.78563, 4547419665, 1739307910129, True
15:05:10, BTCUSDT, 3429074250, 95428.0, 0.63988, 4547419671, 1739307910129, True
15:05:10, BTCUSDT, 3429074255, 95428.0, 0.1676, 4547419676, 1739307910130, True
15:05:10, BTCUSDT, 3429074259, 95428.0, 0.675, 4547419680, 1739307910130, True
15:05:10, BTCUSDT, 3429074276, 95428.0, 0.89959, 4547419697, 1739307910132, True
15:05:10, BTCUSDT, 3429074279, 95428.0, 0.42385, 4547419700, 1739307910132, True
15:05:10, BTCUSDT, 3429074318, 95428.0, 0.1676, 4547419739, 1739307910133, True
15:05:10, BTCUSDT, 3429074328, 95428.0, 1.12812, 4547419749, 1739307910135, True
15:05:10, BTCUSDT, 3429074337, 95428.0, 0.675, 4547419758, 1739307910136, True
15:05:10, BTCUSDT, 3429074358, 95428.0, 0.17184, 4547419779, 1739307910153, True
15:05:10, BTCUSDT, 3429074370, 95428.0, 0.24395, 4547419791, 1739307910179, True
15:05:12, BTCUSDT, 3429074567, 95397.1, 0.24025, 4547420365, 1739307912717, True
15:05:12, BTCUSDT, 3429074570, 95397.0, 0.16, 4547420368, 1739307912717, True
15:05:12, BTCUSDT, 3429074574, 95397.0, 0.16, 4547420372, 1739307912789, True
15:05:12, BTCUSDT, 3429074575, 95397.0, 0.316, 4547420373, 1739307912790, True
15:05:12, BTCUSDT, 3429074595, 95394.4, 0.31891, 4547420444, 1739307912843, True
15:05:12, BTCUSDT, 3429074600, 95394.4, 0.15739, 4547420449, 1739307912899, True
15:05:13, BTCUSDT, 3429074611, 95394.4, 0.255, 4547420460, 1739307913240, True
15:05:14, BTCUSDT, 3429074645, 95394.4, 0.974, 4547420494, 1739307914268, True
15:05:16, BTCUSDT, 3429074656, 95394.4, 0.333, 4547420505, 1739307916386, True
15:05:19, BTCUSDT, 3429074696, 95394.4, 0.32, 4547420546, 1739307919284, True
15:05:19, BTCUSDT, 3429074697, 95394.4, 0.16, 4547420547, 1739307919284, True
15:05:26, BTCUSDT, 3429074735, 95394.42, 0.2, 4547420634, 1739307926483, False
15:05:30, BTCUSDT, 3429074745, 95394.4, 0.273, 4547420694, 1739307930676, True
15:05:30, BTCUSDT, 3429074747, 95394.4, 0.16, 4547420696, 1739307930676, True
15:05:30, BTCUSDT, 3429074753, 95394.4, 0.32, 4547420702, 1739307930683, True
15:05:30, BTCUSDT, 3429074754, 95394.4, 0.16, 4547420703, 1739307930683, True
15:05:32, BTCUSDT, 3429074834, 95394.41, 0.22241, 4547420783, 1739307932458, False
15:05:32, BTCUSDT, 3429074836, 95394.4, 0.32, 4547420786, 1739307932523, True
15:05:32, BTCUSDT, 3429074837, 95394.4, 0.533, 4547420787, 1739307932523, True
15:05:32, BTCUSDT, 3429074838, 95394.4, 0.16, 4547420788, 1739307932524, True
15:05:32, BTCUSDT, 3429074839, 95394.4, 1.28, 4547420789, 1739307932524, True
15:05:32, BTCUSDT, 3429074851, 95394.4, 0.67847, 4547420801, 1739307932530, True
15:05:35, BTCUSDT, 3429074971, 95367.25, 2.11784, 4547421153, 1739307935735, False
15:05:40, BTCUSDT, 3429075011, 95359.67, 1.0, 4547421340, 1739307940291, False
15:05:42, BTCUSDT, 3429075025, 95359.67, 0.21751, 4547421386, 1739307942458, False
15:05:44, BTCUSDT, 3429075033, 95359.66, 0.16797, 4547421405, 1739307944438, True
15:05:46, BTCUSDT, 3429075044, 95359.66, 0.16, 4547421422, 1739307946154, True
15:05:46, BTCUSDT, 3429075045, 95359.66, 0.32, 4547421423, 1739307946154, True
15:05:47, BTCUSDT, 3429075113, 95344.97, 0.17091, 4547421659, 1739307947458, False
15:05:50, BTCUSDT, 3429075187, 95320.19, 0.16, 4547421872, 1739307950276, True
15:05:53, BTCUSDT, 3429075203, 95320.2, 0.3204, 4547421889, 1739307953413, False
15:13:14, BTCUSDT, 3429079755, 95446.31, 0.31164, 4547437390, 1739308394991, False
15:13:20, BTCUSDT, 3429079783, 95446.31, 0.30028, 4547437422, 1739308400824, False
15:13:23, BTCUSDT, 3429079794, 95446.3, 0.3651, 4547437434, 1739308403151, True
15:13:23, SUIUSDT, 140203124, 3.2953, 4615.0, 254480103, 1739308403185, False
15:13:27, SUIUSDT, 140203146, 3.2952, 5527.4, 254480214, 1739308407186, False
15:18:36, SOLUSDT, 498996939, 197.04, 29.05, 1066125431, 1739308716572, True
15:18:36, SUIUSDT, 140204784, 3.3058, 1934.2, 254485000, 1739308716573, True
15:18:38, TSTUSDT, 2059373, 0.1689, 31571.0, 3738112, 1739308718954, True
15:18:42, SOLUSDT, 498996963, 196.97, 38.457, 1066125663, 1739308722153, False
15:18:42, SOLUSDT, 498996967, 197.0, 57.258, 1066125710, 1739308722154, False
15:18:42, SUIUSDT, 140204833, 3.305, 2221.4, 254485157, 1739308722881, True
15:18:43, LAYERUSDT, 763854, 0.841, 8309.08, 1002491, 1739308723282, True
15:18:43, LAYERUSDT, 763864, 0.84, 101848.68, 1002505, 1739308723282, True
15:18:47, LAYERUSDT, 763986, 0.84, 8983.94, 1002677, 1739308727379, True
15:18:49, SOLUSDT, 498997008, 197.15, 58.452, 1066126007, 1739308729971, False
15:18:51, LAYERUSDT, 764074, 0.84, 8627.83, 1002797, 1739308731818, True
15:18:56, SOLUSDT, 498997028, 197.18, 53.707, 1066126127, 1739308736302, True
15:18:56, SOLUSDT, 498997029, 197.17, 33.87, 1066126141, 1739308736302, True
15:18:56, SOLUSDT, 498997030, 197.16, 60.994, 1066126156, 1739308736302, True
15:18:56, SOLUSDT, 498997031, 197.15, 118.989, 1066126175, 1739308736302, True
15:18:56, SOLUSDT, 498997032, 197.14, 157.143, 1066126194, 1739308736302, True
15:18:56, SOLUSDT, 498997033, 197.13, 75.297, 1066126213, 1739308736302, True
15:19:08, SUIUSDT, 140204963, 3.3058, 2527.1, 254485581, 1739308748842, False
15:19:20, SOLUSDT, 498997121, 197.25, 67.996, 1066126787, 1739308760254, False
15:19:22, SOLUSDT, 498997130, 197.27, 25.786, 1066126838, 1739308762082, False
15:19:22, SOLUSDT, 498997135, 197.29, 57.303, 1066126876, 1739308762104, False
15:19:22, SUIUSDT, 140205108, 3.31, 1611.1, 254485937, 1739308762323, False
15:19:22, SOLUSDT, 498997140, 197.33, 208.433, 1066126946, 1739308762361, False
15:19:22, SUIUSDT, 140205152, 3.31, 1955.5, 254485981, 1739308762392, False
15:19:22, SUIUSDT, 140205161, 3.31, 1577.3, 254485990, 1739308762408, False
15:19:22, SUIUSDT, 140205169, 3.31, 3960.0, 254485998, 1739308762451, False
15:19:22, SUIUSDT, 140205210, 3.31, 16939.1, 254486039, 1739308762466, False
15:19:29, SOLUSDT, 498997165, 197.31, 25.85, 1066127152, 1739308769347, False
15:19:32, SUIUSDT, 140205306, 3.3065, 3757.7, 254486275, 1739308772735, False
15:19:33, SUIUSDT, 140205330, 3.3087, 1956.6, 254486373, 1739308773347, False
15:19:33, SUIUSDT, 140205331, 3.3088, 1530.7, 254486377, 1739308773347, False
15:19:35, SOLUSDT, 498997186, 197.28, 70.548, 1066127343, 1739308775669, False
15:19:37, SOLUSDT, 498997224, 197.4, 53.848, 1066127681, 1739308777936, False
15:19:39, SOLUSDT, 498997236, 197.45, 27.029, 1066127805, 1739308779486, False
15:19:39, SOLUSDT, 498997237, 197.45, 34.68, 1066127809, 1739308779486, False
15:19:39, SOLUSDT, 498997238, 197.45, 48.309, 1066127810, 1739308779486, False
15:19:42, SOLUSDT, 498997252, 197.49, 71.155, 1066127902, 1739308782176, False
15:19:43, SOLUSDT, 498997277, 197.57, 66.146, 1066128166, 1739308783234, False
15:19:43, SUIUSDT, 140205449, 3.3105, 1531.7, 254486706, 1739308783354, True
15:19:43, SOLUSDT, 498997279, 197.57, 49.778, 1066128183, 1739308783397, True
15:19:43, SOLUSDT, 498997282, 197.57, 29.541, 1066128205, 1739308783578, True
15:19:44, SUIUSDT, 140205453, 3.31, 5939.5, 254486718, 1739308784143, True
15:19:44, SUIUSDT, 140205455, 3.31, 3165.5, 254486720, 1739308784144, True
15:19:44, SOLUSDT, 498997288, 197.54, 27.15, 1066128254, 1739308784144, True
15:19:52, SOLUSDT, 498997349, 197.49, 33.207, 1066128731, 1739308792810, False
15:19:52, SOLUSDT, 498997350, 197.49, 50.484, 1066128736, 1739308792810, False
15:19:53, SOLUSDT, 498997354, 197.5, 31.833, 1066128765, 1739308793574, True
15:19:54, SOLUSDT, 498997361, 197.49, 185.676, 1066128813, 1739308794776, False
15:19:54, SOLUSDT, 498997362, 197.5, 30.525, 1066128841, 1739308794776, False
15:20:00, SOLUSDT, 498997377, 197.44, 30.157, 1066128921, 1739308800338, True
15:20:08, SUIUSDT, 140205583, 3.3061, 1659.1, 254487053, 1739308808594, True
15:20:09, SOLUSDT, 498997415, 197.41, 72.031, 1066129215, 1739308809394, True
15:20:15, SUIUSDT, 140205671, 3.3117, 2041.2, 254487245, 1739308815950, True
15:20:16, LAYERUSDT, 765283, 0.847, 10429.05, 1004281, 1739308816453, False
15:20:21, SOLUSDT, 498997465, 197.54, 35.304, 1066129593, 1739308821264, True
15:20:21, SOLUSDT, 498997467, 197.52, 69.04, 1066129618, 1739308821264, True
15:20:28, SOLUSDT, 498997493, 197.45, 49.603, 1066129757, 1739308828185, False
15:20:38, SOLUSDT, 498997523, 197.37, 47.247, 1066129920, 1739308838772, True
15:20:42, SUIUSDT, 140205833, 3.3098, 2219.6, 254487686, 1739308842898, True
15:20:42, SOLUSDT, 498997550, 197.42, 60.041, 1066130122, 1739308842972, True
15:20:52, SOLUSDT, 498997585, 197.47, 29.167, 1066130414, 1739308852657, False
15:20:54, SOLUSDT, 498997592, 197.51, 31.777, 1066130485, 1739308854491, False
15:21:02, SOLUSDT, 498997614, 197.54, 29.666, 1066130573, 1739308862955, True
15:21:10, SOLUSDT, 498997651, 197.34, 70.586, 1066130861, 1739308870119, True
15:21:10, SUIUSDT, 140206099, 3.3096, 3470.2, 254488357, 1739308870613, True
15:21:10, SUIUSDT, 140206101, 3.3096, 4658.0, 254488359, 1739308870613, True
15:21:10, SUIUSDT, 140206104, 3.3096, 1690.9, 254488362, 1739308870613, True
15:21:10, SUIUSDT, 140206105, 3.3096, 2267.7, 254488363, 1739308870614, True
15:21:10, SUIUSDT, 140206120, 3.3096, 2000.0, 254488378, 1739308870619, True
15:21:10, SUIUSDT, 140206121, 3.3096, 2400.0, 254488379, 1739308870619, True
15:21:10, SUIUSDT, 140206125, 3.3096, 2600.0, 254488383, 1739308870620, True
15:21:10, SUIUSDT, 140206126, 3.3096, 3600.0, 254488384, 1739308870621, True
15:21:10, SUIUSDT, 140206136, 3.3096, 19063.4, 254488394, 1739308870629, True
15:21:10, SUIUSDT, 140206141, 3.3096, 1659.9, 254488399, 1739308870631, True
15:21:10, SUIUSDT, 140206143, 3.3096, 2894.1, 254488401, 1739308870632, True
15:21:11, SOLUSDT, 498997660, 197.3, 31.086, 1066130936, 1739308871860, False
15:21:11, SOLUSDT, 498997666, 197.33, 29.708, 1066130985, 1739308871955, False
15:21:12, SOLUSDT, 498997670, 197.36, 25.883, 1066131036, 1739308872220, False
15:21:14, SOLUSDT, 498997693, 197.44, 26.802, 1066131205, 1739308874046, True
15:21:14, SOLUSDT, 498997694, 197.44, 29.375, 1066131209, 1739308874047, True
15:21:18, SOLUSDT, 498997712, 197.45, 30.728, 1066131332, 1739308878104, False
15:21:28, SOLUSDT, 498997737, 197.44, 31.262, 1066131447, 1739308888518, True
15:21:32, SUIUSDT, 140206342, 3.3131, 1514.9, 254488918, 1739308892994, False
15:21:32, SUIUSDT, 140206344, 3.3133, 1604.5, 254488932, 1739308892994, False
15:21:35, LAYERUSDT, 765830, 0.85, 8051.33, 1004894, 1739308895790, True
15:21:35, LAYERUSDT, 765831, 0.85, 8272.8, 1004895, 1739308895840, True
15:21:42, SOLUSDT, 498997791, 197.31, 48.527, 1066131843, 1739308902160, False
15:21:43, SOLUSDT, 498997802, 197.37, 26.577, 1066131970, 1739308903776, True
15:21:45, SOLUSDT, 498997813, 197.3, 60.066, 1066132095, 1739308905137, True
15:21:51, SOLUSDT, 498997825, 197.31, 36.389, 1066132149, 1739308911780, False
03:22:15 PM, USDCUSDT, 150000.0, 208908080, 1.0001, 227740649, 1739308935433, False
03:22:19 PM, ETHUSDT, 4.6725, 1433346994, 2611.64, 2148648095, 1739308939108, True
03:22:19 PM, ETHUSDT, 6.3428, 1433347004, 2611.48, 2148648121, 1739308939111, True
03:22:21 PM, USDCUSDT, 12726.0, 208908088, 1.0001, 227740657, 1739308941042, False
03:22:21 PM, BTCUSDT, 0.5, 3429087313, 95603.83, 4547461468, 1739308941274, False
03:22:24 PM, ETHUSDT, 6.5565, 1433347033, 2611.23, 2148648158, 1739308944269, True
03:22:24 PM, BTCUSDT, 0.10497, 3429087326, 95603.82, 4547461503, 1739308944418, True
03:22:24 PM, BTCUSDT, 0.10794, 3429087327, 95603.82, 4547461507, 1739308944451, True
03:22:31 PM, BTCUSDT, 0.13833, 3429087429, 95610.9, 4547461758, 1739308951724, False
03:22:31 PM, SOLUSDT, 56.548, 498997960, 197.45, 1066133077, 1739308951726, False
03:22:31 PM, ETHUSDT, 15.9072, 1433347153, 2611.49, 2148648449, 1739308951726, False
03:22:31 PM, BTCUSDT, 0.16, 3429087436, 95616.14, 4547461765, 1739308951725, False
03:22:31 PM, BTCUSDT, 0.28995, 3429087454, 95626.83, 4547461783, 1739308951726, False
03:22:31 PM, BTCUSDT, 0.45, 3429087458, 95628.02, 4547461787, 1739308951726, False
03:22:31 PM, BTCUSDT, 0.32, 3429087484, 95637.55, 4547461813, 1739308951728, False
03:22:31 PM, BTCUSDT, 0.16575, 3429087514, 95652.91, 4547461947, 1739308951769, False
03:22:31 PM, BTCUSDT, 0.16, 3429087515, 95652.91, 4547461948, 1739308951773, False
03:22:31 PM, BTCUSDT, 0.16, 3429087525, 95657.8, 4547462014, 1739308951791, False
03:22:31 PM, BTCUSDT, 0.34126, 3429087527, 95657.8, 4547462016, 1739308951810, False
03:22:31 PM, BTCUSDT, 0.12334, 3429087533, 95660.12, 4547462023, 1739308951810, False
03:22:31 PM, BTCUSDT, 0.14, 3429087536, 95657.98, 4547462045, 1739308951885, False
03:22:31 PM, BTCUSDT, 0.51, 3429087537, 95660.04, 4547462048, 1739308951885, False
03:22:32 PM, BTCUSDT, 0.15595, 3429087558, 95663.04, 4547462122, 1739308952985, True
03:22:34 PM, SOLUSDT, 71.928, 498997979, 197.54, 1066133207, 1739308954385, True
03:22:35 PM, BTCUSDT, 0.24078, 3429087562, 95663.05, 4547462126, 1739308955707, False
03:22:37 PM, ETHUSDT, 4.4361, 1433347251, 2612.78, 2148648646, 1739308957797, True
03:22:38 PM, USDCUSDT, 15881.0, 208908132, 1.0001, 227740701, 1739308958798, False
03:22:40 PM, ETHUSDT, 42.2614, 1433347289, 2611.75, 2148648717, 1739308960261, True
03:22:40 PM, ETHUSDT, 7.0619, 1433347291, 2611.72, 2148648734, 1739308960261, True
03:22:46 PM, BTCUSDT, 0.1676, 3429087695, 95683.29, 4547462609, 1739308966605, True
03:22:46 PM, BTCUSDT, 0.29505, 3429087696, 95683.29, 4547462616, 1739308966605, True
03:22:46 PM, BTCUSDT, 0.16, 3429087703, 95683.27, 4547462666, 1739308966634, True
03:22:52 PM, SOLUSDT, 146.656, 498998017, 197.51, 1066133349, 1739308972574, False
03:22:54 PM, BTCUSDT, 0.20902, 3429087740, 95683.28, 4547462711, 1739308974250, False
03:22:54 PM, SOLUSDT, 79.555, 498998029, 197.54, 1066133454, 1739308974445, False
03:22:54 PM, BTCUSDT, 0.105, 3429087742, 95683.27, 4547462715, 1739308974801, True
03:22:57 PM, ETHUSDT, 5.0287, 1433347405, 2610.51, 2148648888, 1739308977720, False
03:22:57 PM, ETHUSDT, 5.5808, 1433347406, 2610.51, 2148648896, 1739308977720, False
03:22:59 PM, ETHUSDT, 4.8269, 1433347444, 2610.87, 2148648989, 1739308979036, True
03:23:02 PM, BTCUSDT, 0.1676, 3429087837, 95675.2, 4547462953, 1739308982697, False
03:23:02 PM, ETHUSDT, 5.1184, 1433347539, 2611.5, 2148649189, 1739308982719, False
03:23:02 PM, BTCUSDT, 0.16425, 3429087838, 95675.2, 4547462969, 1739308982746, False
03:23:04 PM, BTCUSDT, 0.31963, 3429087842, 95675.4, 4547463002, 1739308984538, True
03:23:04 PM, ETHUSDT, 5.9401, 1433347557, 2611.68, 2148649241, 1739308984769, True
03:23:07 PM, BTCUSDT, 0.14712, 3429087856, 95675.41, 4547463047, 1739308987878, False
03:23:10 PM, USDCUSDT, 22643.0, 208908205, 1.0001, 227740774, 1739308990249, False
03:23:11 PM, BTCUSDT, 0.13641, 3429087916, 95683.28, 4547463353, 1739308991341, False
03:23:11 PM, BTCUSDT, 0.45083, 3429087918, 95683.3, 4547463390, 1739308991341, False
03:23:11 PM, BTCUSDT, 0.26365, 3429087928, 95684.0, 4547463471, 1739308991341, False
03:23:11 PM, BTCUSDT, 0.5748, 3429087971, 95689.6, 4547463535, 1739308991341, False
03:23:11 PM, BTCUSDT, 0.14551, 3429087979, 95690.81, 4547463543, 1739308991346, False
03:23:11 PM, BTCUSDT, 0.16859, 3429088022, 95696.03, 4547463785, 1739308991395, False
03:23:11 PM, BTCUSDT, 0.14, 3429088111, 95708.3, 4547464028, 1739308991396, False
03:23:14 PM, ETHUSDT, 5.1279, 1433347667, 2612.49, 2148649527, 1739308994366, True
03:23:14 PM, ETHUSDT, 5.447, 1433347669, 2612.49, 2148649535, 1739308994367, True
03:23:14 PM, ETHUSDT, 8.8831, 1433347670, 2612.49, 2148649541, 1739308994368, True
03:23:14 PM, ETHUSDT, 4.252, 1433347673, 2612.49, 2148649554, 1739308994368, True
03:23:14 PM, ETHUSDT, 5.8928, 1433347675, 2612.49, 2148649556, 1739308994369, True
03:23:15 PM, BTCUSDT, 0.13303, 3429088210, 95714.0, 4547464455, 1739308995458, True
03:23:16 PM, ETHUSDT, 5.5787, 1433347688, 2612.14, 2148649582, 1739308996078, True
03:23:17 PM, ETHUSDT, 5.0324, 1433347697, 2612.13, 2148649612, 1739308997793, False
03:23:17 PM, BTCUSDT, 0.31198, 3429088243, 95710.66, 4547464535, 1739308997794, False
03:23:17 PM, BTCUSDT, 0.29259, 3429088244, 95710.66, 4547464547, 1739308997794, False
03:23:17 PM, SOLUSDT, 115.395, 498998081, 197.65, 1066133788, 1739308997851, False
03:23:18 PM, BTCUSDT, 0.32, 3429088292, 95716.56, 4547464722, 1739308998974, True
03:23:19 PM, BTCUSDT, 0.183, 3429088294, 95716.56, 4547464724, 1739308999064, True
03:23:20 PM, BTCUSDT, 0.14983, 3429088298, 95716.56, 4547464735, 1739309000459, True
03:23:21 PM, ETHUSDT, 5.4454, 1433347715, 2612.31, 2148649665, 1739309001369, True
03:23:21 PM, ETHUSDT, 6.757, 1433347720, 2612.15, 2148649684, 1739309001513, True
03:23:21 PM, USDCUSDT, 67477.0, 208908308, 1.0001, 227740877, 1739309001548, False
03:23:21 PM, USDCUSDT, 78243.0, 208908310, 1.0001, 227740879, 1739309001553, False
03:23:21 PM, USDCUSDT, 18731.0, 208908312, 1.0001, 227740881, 1739309001555, False
03:23:21 PM, ETHUSDT, 5.5431, 1433347725, 2612.06, 2148649719, 1739309001568, True
03:23:22 PM, ETHUSDT, 5.0, 1433347738, 2611.92, 2148649744, 1739309002913, False
03:23:23 PM, USDCUSDT, 71103.0, 208908322, 1.0001, 227740891, 1739309003458, False
03:23:26 PM, SOLUSDT, 71.629, 498998109, 197.61, 1066133921, 1739309006722, True
03:23:31 PM, BTCUSDT, 2.79454, 3429088402, 95710.49, 4547465044, 1739309011522, False
03:23:35 PM, BTCUSDT, 0.12642, 3429088423, 95710.49, 4547465098, 1739309015962, False
03:23:35 PM, BTCUSDT, 0.9668, 3429088424, 95710.49, 4547465109, 1739309015962, False
03:23:35 PM, BTCUSDT, 0.57539, 3429088435, 95710.74, 4547465183, 1739309015963, False
03:23:35 PM, BTCUSDT, 0.3, 3429088488, 95722.23, 4547465315, 1739309015965, False
03:23:35 PM, SOLUSDT, 74.627, 498998135, 197.64, 1066134134, 1739309015973, False
03:23:36 PM, BTCUSDT, 0.14012, 3429088541, 95727.23, 4547465438, 1739309016155, False
03:23:36 PM, BTCUSDT, 0.20891, 3429088566, 95730.77, 4547465475, 1739309016155, False
03:23:36 PM, BTCUSDT, 0.19374, 3429088582, 95733.26, 4547465497, 1739309016155, False
03:23:36 PM, BTCUSDT, 0.11953, 3429088588, 95734.07, 4547465513, 1739309016155, False
03:23:36 PM, BTCUSDT, 0.15899, 3429088592, 95734.71, 4547465517, 1739309016156, False
03:23:36 PM, BTCUSDT, 0.18574, 3429088603, 95736.56, 4547465532, 1739309016156, False
03:23:36 PM, BTCUSDT, 0.20155, 3429088741, 95750.0, 4547465965, 1739309016946, False
03:23:37 PM, ETHUSDT, 23.5643, 1433347887, 2613.06, 2148650122, 1739309017599, True
03:23:38 PM, BTCUSDT, 0.18153, 3429088853, 95760.52, 4547466412, 1739309018696, True
03:23:38 PM, BTCUSDT, 0.1045, 3429088885, 95752.79, 4547466481, 1739309018748, True
03:23:39 PM, BTCUSDT, 0.14, 3429088945, 95739.09, 4547466627, 1739309019540, True
03:23:40 PM, ETHUSDT, 4.5031, 1433347948, 2611.74, 2148650224, 1739309020517, True
03:23:40 PM, USDCUSDT, 20403.0, 208908496, 1.0001, 227741065, 1739309020930, False
03:23:42 PM, BTCUSDT, 0.16, 3429089007, 95726.69, 4547466746, 1739309022042, True
03:23:42 PM, BTCUSDT, 0.21403, 3429089008, 95726.69, 4547466747, 1739309022042, True
03:23:44 PM, SOLUSDT, 65.0, 498998175, 197.6, 1066134404, 1739309024168, True
03:23:47 PM, ETHUSDT, 7.0, 1433347991, 2611.79, 2148650321, 1739309027782, True
03:23:50 PM, ETHUSDT, 5.5802, 1433348004, 2611.5, 2148650345, 1739309030847, False
03:23:50 PM, ETHUSDT, 23.589, 1433348006, 2611.5, 2148650349, 1739309030847, False
03:23:50 PM, ETHUSDT, 4.2851, 1433348010, 2611.5, 2148650365, 1739309030848, False
03:23:50 PM, ETHUSDT, 3.8504, 1433348015, 2611.54, 2148650379, 1739309030848, False
03:23:50 PM, ETHUSDT, 5.4866, 1433348023, 2611.7, 2148650392, 1739309030849, False
03:23:50 PM, ETHUSDT, 3.8875, 1433348033, 2611.92, 2148650413, 1739309030850, False
03:23:50 PM, ETHUSDT, 6.1365, 1433348036, 2611.98, 2148650416, 1739309030850, False
03:23:50 PM, ETHUSDT, 6.3, 1433348039, 2612.05, 2148650421, 1739309030850, False
03:23:50 PM, ETHUSDT, 3.8332, 1433348078, 2612.52, 2148650470, 1739309030852, False
03:23:50 PM, ETHUSDT, 4.1627, 1433348092, 2612.69, 2148650485, 1739309030853, False
03:23:50 PM, ETHUSDT, 3.8607, 1433348134, 2613.03, 2148650540, 1739309030858, False
03:23:50 PM, ETHUSDT, 5.7192, 1433348135, 2613.07, 2148650541, 1739309030858, False
03:23:50 PM, ETHUSDT, 8.2914, 1433348145, 2613.26, 2148650555, 1739309030858, False
03:23:50 PM, ETHUSDT, 9.361, 1433348156, 2613.26, 2148650569, 1739309030860, False
03:23:50 PM, ETHUSDT, 4.974, 1433348224, 2613.55, 2148650655, 1739309030936, False
03:23:52 PM, SOLUSDT, 52.591, 498998206, 197.62, 1066134535, 1739309032106, False
03:23:53 PM, SOLUSDT, 88.524, 498998211, 197.67, 1066134629, 1739309033051, False
03:23:54 PM, BTCUSDT, 0.38678, 3429089105, 95714.51, 4547466895, 1739309034038, False
03:23:55 PM, BTCUSDT, 0.80572, 3429089110, 95714.51, 4547466929, 1739309035615, False
03:23:58 PM, USDCUSDT, 33702.0, 208908594, 1.0001, 227741163, 1739309038337, False
03:23:59 PM, BTCUSDT, 0.375, 3429089121, 95714.51, 4547466966, 1739309039408, False
03:23:59 PM, ETHUSDT, 8.0284, 1433348342, 2614.19, 2148650957, 1739309039715, False
03:24:00 PM, ETHUSDT, 4.3549, 1433348354, 2613.92, 2148650986, 1739309040346, True
03:24:00 PM, ETHUSDT, 3.8978, 1433348355, 2613.92, 2148650988, 1739309040347, True
03:24:01 PM, SOLUSDT, 126.831, 498998230, 197.62, 1066134693, 1739309041426, True
03:24:01 PM, USDCUSDT, 70619.0, 208908601, 1.0001, 227741170, 1739309041654, False
03:24:01 PM, SOLUSDT, 69.491, 498998242, 197.59, 1066134753, 1739309041680, False
03:24:02 PM, BTCUSDT, 0.1352, 3429089144, 95714.38, 4547467037, 1739309042180, True
03:24:02 PM, ETHUSDT, 4.679, 1433348380, 2613.35, 2148651028, 1739309042191, True
03:24:04 PM, ETHUSDT, 39.212, 1433348389, 2613.14, 2148651040, 1739309044092, True
03:24:04 PM, ETHUSDT, 5.1309, 1433348401, 2612.89, 2148651058, 1739309044095, True
03:24:04 PM, ETHUSDT, 9.5631, 1433348414, 2612.61, 2148651074, 1739309044246, False
03:24:04 PM, ETHUSDT, 3.958, 1433348435, 2613.01, 2148651120, 1739309044987, False
03:24:07 PM, USDCUSDT, 34125.0, 208908620, 1.0001, 227741189, 1739309047209, False
03:24:07 PM, ETHUSDT, 5.0997, 1433348440, 2613.01, 2148651126, 1739309047246, False
03:24:08 PM, USDCUSDT, 19105.0, 208908623, 1.0, 227741192, 1739309048010, True
03:24:08 PM, USDCUSDT, 13738.0, 208908624, 1.0, 227741193, 1739309048035, True
03:24:09 PM, ETHUSDT, 9.8575, 1433348443, 2613.0, 2148651132, 1739309049139, True
03:24:09 PM, USDCUSDT, 25634.0, 208908628, 1.0001, 227741197, 1739309049246, False
03:24:09 PM, ETHUSDT, 4.9636, 1433348453, 2612.64, 2148651157, 1739309049458, True
03:24:12 PM, ETHUSDT, 5.4057, 1433348461, 2612.48, 2148651171, 1739309052068, True
03:24:12 PM, ETHUSDT, 4.2945, 1433348462, 2612.48, 2148651172, 1739309052116, True
03:24:12 PM, ETHUSDT, 4.7759, 1433348463, 2612.49, 2148651173, 1739309052342, False
03:24:14 PM, BTCUSDT, 0.10728, 3429089187, 95713.64, 4547467106, 1739309054623, True
03:24:16 PM, BTCUSDT, 2.98049, 3429089195, 95713.65, 4547467124, 1739309056902, False
03:24:28 PM, ETHUSDT, 6.2062, 1433348484, 2612.49, 2148651202, 1739309068154, False
03:24:28 PM, ETHUSDT, 5.3972, 1433348489, 2612.49, 2148651219, 1739309068154, False
03:24:32 PM, ETHUSDT, 6.5507, 1433348543, 2612.87, 2148651311, 1739309072797, True
03:24:32 PM, ETHUSDT, 4.3716, 1433348544, 2612.87, 2148651314, 1739309072809, True
03:24:35 PM, USDCUSDT, 13600.0, 208908688, 1.0, 227741257, 1739309075463, True
03:24:36 PM, USDCUSDT, 11106.0, 208908691, 1.0, 227741260, 1739309076507, True
03:24:39 PM, ETHUSDT, 6.2239, 1433348573, 2612.48, 2148651359, 1739309079796, True
03:24:39 PM, ETHUSDT, 8.1309, 1433348575, 2612.48, 2148651361, 1739309079800, True
03:24:39 PM, ETHUSDT, 4.5393, 1433348578, 2612.48, 2148651364, 1739309079800, True
03:24:39 PM, ETHUSDT, 6.5109, 1433348579, 2612.48, 2148651365, 1739309079800, True
03:24:46 PM, BTCUSDT, 0.16778, 3429089282, 95714.12, 4547467301, 1739309086443, False
03:24:47 PM, BTCUSDT, 0.40254, 3429089284, 95714.11, 4547467303, 1739309087029, True
03:24:51 PM, ETHUSDT, 4.4382, 1433348625, 2612.0, 2148651442, 1739309091512, True
03:24:51 PM, BTCUSDT, 0.24833, 3429089299, 95714.11, 4547467344, 1739309091575, True
03:24:51 PM, BTCUSDT, 0.21587, 3429089314, 95713.65, 4547467387, 1739309091575, True
03:24:51 PM, BTCUSDT, 0.50981, 3429089316, 95713.65, 4547467389, 1739309091575, True
03:24:51 PM, BTCUSDT, 0.86101, 3429089318, 95713.65, 4547467391, 1739309091575, True
03:24:51 PM, BTCUSDT, 0.32, 3429089321, 95713.65, 4547467394, 1739309091577, True
03:24:53 PM, USDCUSDT, 148306.0, 208908739, 1.0, 227741308, 1739309093250, True
03:24:55 PM, ETHUSDT, 8.9596, 1433348647, 2611.5, 2148651479, 1739309095116, True
03:24:55 PM, ETHUSDT, 5.6597, 1433348650, 2611.5, 2148651487, 1739309095457, False
03:24:58 PM, BTCUSDT, 0.25504, 3429089634, 95686.37, 4547468180, 1739309098323, True
03:24:59 PM, BTCUSDT, 0.13023, 3429089640, 95686.37, 4547468187, 1739309099353, True
03:24:59 PM, BTCUSDT, 0.12872, 3429089643, 95686.37, 4547468190, 1739309099869, True
03:25:02 PM, BTCUSDT, 0.41038, 3429089669, 95686.38, 4547468224, 1739309102535, False
03:25:02 PM, BTCUSDT, 0.36478, 3429089676, 95686.53, 4547468271, 1739309102535, False
03:25:02 PM, BTCUSDT, 0.15548, 3429089677, 95686.53, 4547468281, 1739309102535, False
03:25:02 PM, BTCUSDT, 0.1905, 3429089689, 95687.34, 4547468326, 1739309102538, False
03:25:02 PM, BTCUSDT, 0.1905, 3429089694, 95689.26, 4547468341, 1739309102540, False
03:25:03 PM, ETHUSDT, 14.8588, 1433348688, 2611.29, 2148651561, 1739309103302, True
03:25:03 PM, ETHUSDT, 3.9399, 1433348697, 2611.06, 2148651594, 1739309103649, False
03:25:05 PM, USDCUSDT, 100000.0, 208908772, 1.0, 227741344, 1739309105061, True
03:25:05 PM, ETHUSDT, 6.4836, 1433348714, 2610.72, 2148651625, 1739309105457, False
03:25:10 PM, ETHUSDT, 6.209, 1433348750, 2610.67, 2148651716, 1739309110467, False
03:25:11 PM, ETHUSDT, 20.4489, 1433348753, 2610.67, 2148651725, 1739309111265, False
03:25:11 PM, ETHUSDT, 13.4065, 1433348766, 2610.81, 2148651757, 1739309111265, False
03:25:11 PM, ETHUSDT, 4.3152, 1433348773, 2610.95, 2148651764, 1739309111267, False
03:25:11 PM, ETHUSDT, 5.8992, 1433348774, 2610.96, 2148651765, 1739309111267, False
03:25:11 PM, ETHUSDT, 3.9906, 1433348775, 2610.98, 2148651766, 1739309111267, False
03:25:11 PM, ETHUSDT, 6.406, 1433348776, 2610.99, 2148651768, 1739309111267, False
03:25:11 PM, ETHUSDT, 6.3, 1433348788, 2611.3, 2148651786, 1739309111267, False
03:25:11 PM, ETHUSDT, 6.362, 1433348802, 2611.57, 2148651808, 1739309111268, False
03:25:11 PM, ETHUSDT, 11.158, 1433348811, 2611.73, 2148651822, 1739309111269, False
03:25:11 PM, ETHUSDT, 7.0672, 1433348822, 2611.87, 2148651835, 1739309111270, False
03:25:11 PM, ETHUSDT, 8.2508, 1433348823, 2611.87, 2148651836, 1739309111271, False
03:25:11 PM, ETHUSDT, 15.6268, 1433348841, 2612.09, 2148651865, 1739309111273, False
03:25:11 PM, ETHUSDT, 4.5965, 1433348842, 2612.13, 2148651866, 1739309111273, False
03:25:11 PM, ETHUSDT, 16.1126, 1433348846, 2612.21, 2148651871, 1739309111273, False
03:25:11 PM, BTCUSDT, 0.25404, 3429089831, 95675.36, 4547468684, 1739309111273, False
03:25:11 PM, BTCUSDT, 0.12737, 3429089832, 95675.36, 4547468693, 1739309111274, False
03:25:11 PM, ETHUSDT, 4.8949, 1433348853, 2612.17, 2148651886, 1739309111282, False
03:25:12 PM, BTCUSDT, 0.21912, 3429089873, 95685.52, 4547468862, 1739309112723, False
03:25:15 PM, USDCUSDT, 13254.0, 208908825, 1.0, 227741408, 1739309115031, True
03:25:15 PM, BTCUSDT, 0.24764, 3429089885, 95685.52, 4547468874, 1739309115364, False
03:25:58PM, BTCUSDT, 0.16, 3429090398, 95770.1, 4547470528, 1739309158863, True
03:25:58PM, BTCUSDT, 0.32, 3429090401, 95770.1, 4547470535, 1739309158864, True
03:25:59PM, BTCUSDT, 0.16, 3429090411, 95770.1, 4547470554, 1739309159343, True
03:26:02PM, BTCUSDT, 0.35111, 3429090424, 95770.11, 4547470583, 1739309162189, False
03:26:02PM, BTCUSDT, 0.91213, 3429090425, 95770.11, 4547470588, 1739309162189, False
03:26:02PM, BTCUSDT, 0.45, 3429090507, 95780.82, 4547470836, 1739309162191, False
03:26:10PM, BTCUSDT, 0.25929, 3429090622, 95786.68, 4547471126, 1739309170550, True
03:26:18PM, BTCUSDT, 0.14252, 3429090930, 95739.02, 4547472263, 1739309178035, False
03:26:20PM, BTCUSDT, 0.13257, 3429090938, 95739.02, 4547472281, 1739309180279, False
03:26:21PM, BTCUSDT, 0.32, 3429090942, 95739.01, 4547472299, 1739309181241, True
03:26:21PM, BTCUSDT, 0.16369, 3429090943, 95739.01, 4547472301, 1739309181241, True
03:26:21PM, BTCUSDT, 0.28706, 3429091021, 95726.29, 4547472494, 1739309181868, False
03:26:30PM, BTCUSDT, 0.15663, 3429091130, 95711.01, 4547472814, 1739309190424, False
03:26:32PM, BTCUSDT, 0.1581, 3429091155, 95709.08, 4547472946, 1739309192350, True
03:26:32PM, BTCUSDT, 0.15324, 3429091158, 95709.08, 4547472949, 1739309192955, True
03:26:32PM, BTCUSDT, 0.10951, 3429091215, 95698.12, 4547473107, 1739309192970, True
03:26:47PM, BTCUSDT, 0.13207, 3429091314, 95695.77, 4547473321, 1739309207366, False
03:26:55PM, BTCUSDT, 0.16862, 3429091336, 95695.77, 4547473363, 1739309215559, False
03:26:57PM, BTCUSDT, 0.19717, 3429091341, 95695.77, 4547473373, 1739309217508, False
03:27:11PM, BTCUSDT, 0.16, 3429091390, 95695.76, 4547473437, 1739309231028, True
03:27:24PM, BTCUSDT, 0.3162, 3429091501, 95685.01, 4547473790, 1739309244063, False
03:27:24PM, BTCUSDT, 0.2982, 3429091502, 95685.01, 4547473798, 1739309244065, False
03:27:26PM, BTCUSDT, 0.16274, 3429091556, 95694.58, 4547474043, 1739309246144, False
03:27:26PM, BTCUSDT, 0.42957, 3429091557, 95694.57, 4547474057, 1739309246548, True
03:27:35PM, BTCUSDT, 5.05277, 3429091622, 95684.25, 4547474256, 1739309255210, False
03:27:46PM, BTCUSDT, 0.5099, 3429091670, 95687.58, 4547474480, 1739309266338, True
03:28:02PM, BTCUSDT, 0.13273, 3429091740, 95684.26, 4547474615, 1739309282462, False
03:28:03PM, BTCUSDT, 0.3725, 3429091746, 95684.25, 4547474621, 1739309283727, True
03:28:07PM, BTCUSDT, 0.16853, 3429091766, 95684.26, 4547474641, 1739309287461, False
03:28:10PM, BTCUSDT, 0.13561, 3429091784, 95684.25, 4547474662, 1739309290955, True
03:28:10PM, BTCUSDT, 0.1258, 3429091786, 95684.25, 4547474664, 1739309290956, True
03:28:10PM, BTCUSDT, 0.16, 3429091791, 95684.25, 4547474669, 1739309290956, True
03:28:10PM, BTCUSDT, 0.32, 3429091793, 95684.25, 4547474671, 1739309290956, True
03:28:10PM, BTCUSDT, 0.10541, 3429091801, 95684.25, 4547474679, 1739309290960, True
03:28:10PM, BTCUSDT, 0.85705, 3429091803, 95684.25, 4547474681, 1739309290961, True
03:28:10PM, BTCUSDT, 1.93749, 3429091808, 95684.25, 4547474686, 1739309290983, True
03:28:11PM, BTCUSDT, 0.11133, 3429091834, 95679.21, 4547474758, 1739309291802, True
03:28:11PM, BTCUSDT, 0.11287, 3429091849, 95674.69, 4547474808, 1739309291885, False
03:28:15PM, BTCUSDT, 0.25808, 3429091878, 95672.16, 4547474889, 1739309295021, False
03:28:15PM, BTCUSDT, 0.2, 3429091881, 95672.15, 4547474894, 1739309295873, True
03:28:17PM, BTCUSDT, 0.12435, 3429091888, 95672.16, 4547474901, 1739309297473, False
03:28:17PM, BTCUSDT, 0.153, 3429091911, 95670.0, 4547474990, 1739309297748, True
03:28:17PM, BTCUSDT, 0.154, 3429091913, 95670.0, 4547474992, 1739309297755, True
03:28:17PM, BTCUSDT, 0.144, 3429091915, 95670.0, 4547474994, 1739309297757, True
03:28:18PM, BTCUSDT, 0.206, 3429091926, 95670.0, 4547475005, 1739309298070, True
03:28:18PM, BTCUSDT, 0.19329, 3429091934, 95670.0, 4547475013, 1739309298668, True
03:28:18PM, BTCUSDT, 1.12819, 3429091935, 95670.0, 4547475014, 1739309298668, True
03:28:18PM, BTCUSDT, 0.1271, 3429091940, 95670.0, 4547475019, 1739309298668, True
03:28:26PM, BTCUSDT, 0.16, 3429092041, 95661.25, 4547475194, 1739309306993, True
03:28:29PM, BTCUSDT, 0.32, 3429092102, 95651.88, 4547475297, 1739309309881, True
03:28:29PM, BTCUSDT, 0.138, 3429092103, 95651.88, 4547475298, 1739309309881, True
03:28:31PM, BTCUSDT, 0.16, 3429092113, 95651.88, 4547475308, 1739309311021, True
03:28:50PM, BTCUSDT, 0.11276, 3429092211, 95648.94, 4547475466, 1739309330533, True
03:29:02PM, BTCUSDT, 1.37045, 3429092258, 95648.95, 4547475517, 1739309342963, False
03:29:02PM, BTCUSDT, 0.22802, 3429092259, 95648.95, 4547475531, 1739309342964, False
03:29:02PM, BTCUSDT, 0.4099, 3429092260, 95648.95, 4547475532, 1739309342964, False
03:29:02PM, BTCUSDT, 0.15522, 3429092263, 95648.96, 4547475591, 1739309342964, False
03:29:02PM, BTCUSDT, 0.51703, 3429092265, 95649.02, 4547475611, 1739309342964, False
03:29:02PM, BTCUSDT, 0.22207, 3429092271, 95649.33, 4547475629, 1739309342964, False
03:29:02PM, BTCUSDT, 0.13901, 3429092274, 95649.36, 4547475636, 1739309342964, False
03:29:02PM, BTCUSDT, 0.1721, 3429092275, 95649.36, 4547475638, 1739309342965, False
03:29:02PM, BTCUSDT, 0.28502, 3429092276, 95649.36, 4547475639, 1739309342965, False
03:29:02PM, BTCUSDT, 0.1267, 3429092287, 95651.65, 4547475657, 1739309342966, False
03:29:02PM, BTCUSDT, 0.16587, 3429092288, 95651.65, 4547475658, 1739309342966, False
03:29:03PM, BTCUSDT, 0.26402, 3429092315, 95658.51, 4547475808, 1739309343374, False
03:29:19PM, BTCUSDT, 0.16, 3429092463, 95689.16, 4547476318, 1739309359140, True
03:29:19PM, BTCUSDT, 0.1669, 3429092473, 95688.58, 4547476342, 1739309359169, True
03:29:19PM, BTCUSDT, 0.13522, 3429092493, 95679.59, 4547476369, 1739309359189, True
03:29:35PM, BTCUSDT, 0.12169, 3429092558, 95676.01, 4547476449, 1739309375459, False
03:29:37PM, BTCUSDT, 0.19845, 3429092595, 95681.99, 4547476547, 1739309377727, False
03:29:55PM, BTCUSDT, 3429092807, 95719.41, 4547477205, 1739309395459, False
03:30:01PM, BTCUSDT, 3429092842, 95719.4, 4547477252, 1739309401837, True
03:30:01PM, BTCUSDT, 3429092843, 95719.4, 4547477261, 1739309401838, True
03:30:01PM, BTCUSDT, 3429092855, 95719.0, 4547477275, 1739309401844, True
03:30:01PM, BTCUSDT, 3429092872, 95714.41, 4547477296, 1739309401844, True
03:30:01PM, BTCUSDT, 3429092884, 95713.13, 4547477314, 1739309401897, False
03:30:01PM, BTCUSDT, 3429092903, 95707.6, 4547477345, 1739309401931, True
03:30:01PM, BTCUSDT, 3429092906, 95707.29, 4547477350, 1739309401931, True
03:30:01PM, BTCUSDT, 3429092908, 95707.22, 4547477355, 1739309401941, True
03:30:04PM, BTCUSDT, 3429093070, 95674.17, 4547477616, 1739309404140, True
03:30:05PM, BTCUSDT, 3429093146, 95656.75, 4547477737, 1739309405458, False
03:30:10PM, BTCUSDT, 3429093203, 95664.97, 4547477990, 1739309410458, False
03:30:15PM, BTCUSDT, 3429093218, 95664.96, 4547478027, 1739309415256, True
03:30:15PM, BTCUSDT, 3429093219, 95664.96, 4547478028, 1739309415256, True
03:30:20PM, BTCUSDT, 3429093271, 95654.22, 4547478109, 1739309420458, False
03:30:24PM, BTCUSDT, 3429093288, 95654.22, 4547478128, 1739309424689, False
03:30:24PM, BTCUSDT, 3429093305, 95656.7, 4547478192, 1739309424788, False
03:30:30PM, BTCUSDT, 3429093403, 95680.41, 4547478556, 1739309430711, False
03:30:35PM, BTCUSDT, 3429093412, 95680.41, 4547478589, 1739309435459, False
03:30:38PM, BTCUSDT, 3429093416, 95680.4, 4547478594, 1739309438460, True
03:30:38PM, BTCUSDT, 3429093417, 95680.4, 4547478597, 1739309438874, True
03:30:38PM, BTCUSDT, 3429093420, 95680.4, 4547478601, 1739309438875, True
03:30:40PM, BTCUSDT, 3429093465, 95672.34, 4547478683, 1739309440458, False
03:30:41PM, BTCUSDT, 3429093470, 95672.34, 4547478689, 1739309441989, False
03:30:45PM, BTCUSDT, 3429093563, 95691.46, 4547479067, 1739309445553, True
03:30:50PM, BTCUSDT, 3429093580, 95691.47, 4547479102, 1739309450458, False
03:30:50PM, BTCUSDT, 3429093582, 95691.47, 4547479106, 1739309450479, False
03:31:20PM, BTCUSDT, 3429093993, 95777.53, 4547480377, 1739309480339, False
03:31:20PM, BTCUSDT, 3429094011, 95779.69, 4547480489, 1739309480459, False
03:31:23PM, BTCUSDT, 3429094045, 95785.09, 4547480605, 1739309483293, False
03:31:25PM, BTCUSDT, 3429094125, 95792.28, 4547480965, 1739309485114, False
03:31:25PM, BTCUSDT, 3429094130, 95792.28, 4547480985, 1739309485811, False
03:31:25PM, BTCUSDT, 3429094197, 95799.99, 4547481159, 1739309485928, True
03:31:26PM, BTCUSDT, 3429094198, 95799.99, 4547481160, 1739309486173, True
03:31:30PM, BTCUSDT, 3429094211, 95800.0, 4547481174, 1739309490909, False
03:31:35PM, BTCUSDT, 3429094399, 95819.99, 4547481803, 1739309495458, False
03:31:36PM, BTCUSDT, 3429094403, 95819.98, 4547481829, 1739309496876, True
03:31:36PM, BTCUSDT, 3429094404, 95819.98, 4547481839, 1739309496876, True
03:31:36PM, BTCUSDT, 3429094405, 95819.98, 4547481841, 1739309496876, True
03:31:36PM, BTCUSDT, 3429094407, 95819.98, 4547481843, 1739309496885, True
03:31:36PM, BTCUSDT, 3429094416, 95819.98, 4547481852, 1739309496912, True
03:31:36PM, BTCUSDT, 3429094419, 95819.98, 4547481855, 1739309496912, True
03:31:39PM, BTCUSDT, 3429094438, 95819.98, 4547481874, 1739309499780, True
03:31:40PM, BTCUSDT, 3429094457, 95819.99, 4547481893, 1739309500458, False
03:31:42PM, BTCUSDT, 3429094469, 95819.98, 4547481905, 1739309502413, True
03:31:42PM, BTCUSDT, 3429094485, 95819.98, 4547481921, 1739309502471, True
03:31:42PM, BTCUSDT, 3429094487, 95819.98, 4547481923, 1739309502474, True
03:31:42PM, BTCUSDT, 3429094488, 95819.98, 4547481924, 1739309502475, True
03:31:42PM, BTCUSDT, 3429094489, 95819.98, 4547481932, 1739309502475, True
03:31:42PM, BTCUSDT, 3429094493, 95819.98, 4547481944, 1739309502475, True
03:31:42PM, BTCUSDT, 3429094525, 95812.31, 4547482009, 1739309502477, True
03:31:42PM, BTCUSDT, 3429094570, 95803.42, 4547482111, 1739309502514, True
03:31:45PM, BTCUSDT, 3429094606, 95804.01, 4547482231, 1739309505458, False
03:31:49PM, BTCUSDT, 3429094645, 95813.91, 4547482354, 1739309509285, False
03:31:49PM, BTCUSDT, 3429094669, 95817.0, 4547482451, 1739309509286, False
03:31:49PM, BTCUSDT, 3429094673, 95820.0, 4547482457, 1739309509286, False
03:31:49PM, BTCUSDT, 3429094732, 95826.85, 4547482585, 1739309509287, False
03:31:49PM, BTCUSDT, 3429094791, 95833.34, 4547482725, 1739309509287, False
03:31:49PM, BTCUSDT, 3429094798, 95833.9, 4547482736, 1739309509287, False
03:31:55PM, BTCUSDT, 3429094906, 95840.76, 4547483068, 1739309515458, False
03:31:58PM, BTCUSDT, 3429094915, 95840.75, 4547483081, 1739309518498, True
03:32:00PM, BTCUSDT, 3429094920, 95840.76, 4547483093, 1739309520416, False
03:32:00PM, BTCUSDT, 3429094954, 95843.87, 4547483197, 1739309520459, False
03:32:05PM, BTCUSDT, 3429094977, 95843.86, 4547483224, 1739309525586, True
03:32:05PM, BTCUSDT, 3429094978, 95843.86, 4547483231, 1739309525618, True
03:32:08PM, BTCUSDT, 3429095043, 95832.74, 4547483471, 1739309528157, False
03:32:10PM, BTCUSDT, 3429095089, 95842.4, 4547483652, 1739309530460, False
03:32:15PM, BTCUSDT, 3429095193, 95827.6, 4547483978, 1739309535459, False
03:32:17PM, BTCUSDT, 3429095201, 95827.6, 4547484007, 1739309537791, False
03:32:17PM, BTCUSDT, 3429095202, 95827.6, 4547484009, 1739309537792, False
03:32:17PM, BTCUSDT, 3429095203, 95827.6, 4547484011, 1739309537792, False
03:32:17PM, BTCUSDT, 3429095204, 95827.6, 4547484015, 1739309537792, False
03:32:17PM, BTCUSDT, 3429095205, 95827.6, 4547484035, 1739309537792, False
03:32:17PM, BTCUSDT, 3429095206, 95827.6, 4547484036, 1739309537793, False
03:32:20PM, BTCUSDT, 3429095262, 95840.35, 4547484261, 1739309540458, False
03:32:21PM, BTCUSDT, 3429095266, 95840.35, 4547484275, 1739309541657, False
03:32:22PM, BTCUSDT, 3429095360, 95850.0, 4547484515, 1739309542042, False
03:32:22PM, BTCUSDT, 3429095563, 95869.58, 4547485462, 1739309542264, False
03:32:22PM, BTCUSDT, 3429095702, 95882.89, 4547485748, 1739309542546, False
03:32:22PM, BTCUSDT, 3429095800, 95895.7, 4547485881, 1739309542548, False
03:32:22PM, BTCUSDT, 3429095801, 95895.7, 4547485882, 1739309542548, False
03:32:22PM, BTCUSDT, 3429095871, 95905.28, 4547486025, 1739309542549, False
03:32:23PM, BTCUSDT, 3429095993, 95907.99, 4547486165, 1739309543228, True
03:32:23PM, BTCUSDT, 3429096001, 95908.0, 4547486173, 1739309543762, False
03:32:23PM, BTCUSDT, 3429096002, 95908.0, 4547486193, 1739309543762, False
03:32:23PM, BTCUSDT, 3429096010, 95908.46, 4547486262, 1739309543762, False
03:32:23PM, BTCUSDT, 3429096072, 95915.67, 4547486371, 1739309543763, False
03:32:23PM, BTCUSDT, 3429096085, 95910.35, 4547486400, 1739309543790, True
03:32:43PM, SOLUSDT, 499000100, 197.75, 1066145896, 1739309563884, False
03:32:45PM, BTCUSDT, 3429096476, 95906.92, 4547487621, 1739309565413, True
03:32:45PM, BTCUSDT, 3429096478, 95906.93, 4547487623, 1739309565458, False
03:32:47PM, BTCUSDT, 3429096483, 95906.93, 4547487629, 1739309567220, False
03:32:47PM, BTCUSDT, 3429096485, 95906.92, 4547487631, 1739309567521, True
03:32:47PM, BTCUSDT, 3429096486, 95906.92, 4547487632, 1739309567553, True
03:32:47PM, BTCUSDT, 3429096489, 95906.92, 4547487639, 1739309567591, True
03:32:47PM, BTCUSDT, 3429096511, 95900.0, 4547487723, 1739309567699, True
03:32:49PM, BTCUSDT, 3429096576, 95890.24, 4547487926, 1739309569026, False
03:32:55PM, BTCUSDT, 3429096724, 95868.59, 4547488340, 1739309575249, False
03:32:55PM, BTCUSDT, 3429096756, 95872.44, 4547488529, 1739309575458, False
03:33:00PM, BTCUSDT, 3429096825, 95888.61, 4547488800, 1739309580458, False
03:33:02PM, BTCUSDT, 3429096835, 95888.61, 4547488810, 1739309582745, False
03:33:06PM, BTCUSDT, 3429096853, 95888.6, 4547488831, 1739309586360, True
03:33:06PM, BTCUSDT, 3429096854, 95888.6, 4547488832, 1739309586360, True
03:33:06PM, BTCUSDT, 3429096856, 95888.25, 4547488850, 1739309586360, True
03:33:10PM, BTCUSDT, 3429096898, 95884.53, 4547488910, 1739309590459, False
03:33:15PM, BTCUSDT, 3429096936, 95878.29, 4547488962, 1739309595460, False
03:33:16PM, BTCUSDT, 3429096938, 95878.28, 4547488966, 1739309596279, True
03:33:29PM, BTCUSDT, 3429096981, 95878.29, 4547489019, 1739309609196, False
03:33:29PM, BTCUSDT, 3429096984, 95878.29, 4547489022, 1739309609196, False
03:33:32PM, BTCUSDT, 3429097040, 95888.26, 4547489329, 1739309612171, True
03:33:36PM, BTCUSDT, 3429097077, 95892.55, 4547489430, 1739309616430, False
03:33:36PM, BTCUSDT, 3429097097, 95894.98, 4547489499, 1739309616431, False
03:33:39PM, SOLUSDT, 499000318, 197.78, 1066147242, 1739309619371, False
03:33:43PM, BTCUSDT, 3429097355, 95932.37, 4547490320, 1739309623291, False
03:34:02PM, BTCUSDT, 3429097711, 95900.11, 4547491449, 1739309642601, False
03:34:02PM, BTCUSDT, 3429097736, 95906.06, 4547491533, 1739309642601, False
03:34:02PM, BTCUSDT, 3429097740, 95906.92, 4547491539, 1739309642601, False
03:34:03PM, BTCUSDT, 3429097752, 95910.0, 4547491551, 1739309643871, True
03:34:03PM, BTCUSDT, 3429097753, 95910.0, 4547491578, 1739309643871, True
03:34:04PM, SOLUSDT, 499000418, 197.64, 1066147844, 1739309644708, True
03:34:04PM, SOLUSDT, 499000420, 197.64, 1066147853, 1739309644710, True
03:34:06PM, BTCUSDT, 3429097847, 95888.76, 4547491810, 1739309646525, False
03:34:06PM, BTCUSDT, 3429097848, 95888.76, 4547491825, 1739309646555, False
03:34:06PM, BTCUSDT, 3429097852, 95889.55, 4547491852, 1739309646555, False
03:34:07PM, SOLUSDT, 499000453, 197.64, 1066148118, 1739309647365, True
03:34:08PM, SOLUSDT, 499000459, 197.7, 1066148197, 1739309648518, False
03:34:11PM, BTCUSDT, 3429097967, 95916.04, 4547492336, 1739309651408, False
03:34:13PM, BTCUSDT, 3429097972, 95916.04, 4547492345, 1739309653334, False
03:34:15PM, BTCUSDT, 3429097974, 95916.04, 4547492352, 1739309655260, False
